{
  "categories": [
    {
      "id": "6a2a1e51-842a-4898-9244-0eb548baf0e6",
      "name": "快捷方式",
      "shortcuts": [
        {
          "codeOnSuccess": "const myBody \u003d response.body;\ncopyToClipboard(myBody);",
          "description": "获取pc最新一条文本剪切板",
          "iconName": "flat_grey_download",
          "id": "d30d7645-8db9-43e9-beed-89be8da89f96",
          "name": "PC剪切板",
          "responseHandling": {
            "charset": "UTF-8",
            "uiType": "dialog"
          },
          "url": "{{342f9ef7-687a-4f40-89ad-6d84bdb6509a}}"
        },
        {
          "bodyContent": "{{9c64a70b-b889-47d5-8bf5-fbf66e45d2b0}}",
          "iconName": "flat_grey_upload",
          "id": "5b5866f5-f72a-45a0-9c89-3b557cebc47c",
          "method": "PUT",
          "name": "发送剪切板",
          "responseHandling": {
            "uiType": "dialog"
          },
          "url": "{{94c60d96-f1de-4164-94a8-171634807111}}"
        }
      ]
    }
  ],
  "compatibilityVersion": 89,
  "variables": [
    {
      "id": "342f9ef7-687a-4f40-89ad-6d84bdb6509a",
      "key": "jqb_url_getone",
      "value": "https://www.test.com/getLastOne_XXX.php"
    },
    {
      "id": "94c60d96-f1de-4164-94a8-171634807111",
      "key": "jqb_url_putone",
      "value": "https://www.test.com/putLastOne_XXX.php"
    },
    {
      "id": "9c64a70b-b889-47d5-8bf5-fbf66e45d2b0",
      "key": "jqb_content",
      "type": "clipboard"
    }
  ],
  "version": 89
}